{"cameraMode":{"drawMode":0,"name":"Shaded","section":"Shading Mode"},"sceneLighting":true,"audioPlay":false,"sceneViewState":{"m_AlwaysRefresh":false,"showFog":true,"showSkybox":true,"showFlares":true,"showImageEffects":true,"showParticleSystems":true,"showVisualEffectGraphs":true,"m_FxEnabled":true},"in2DMode":false,"pivot":{"x":-7.873200416564941,"y":14.300253868103028,"z":9.313191413879395},"rotation":{"x":-0.12746122479438783,"y":-0.015499033965170384,"z":0.0016383627662435175,"w":-0.9917972087860107},"size":20.180572509765626,"orthographic":true}