{"cameraMode":{"drawMode":0,"name":"Shaded","section":"Shading Mode"},"sceneLighting":true,"audioPlay":false,"sceneViewState":{"m_AlwaysRefresh":false,"showFog":true,"showSkybox":true,"showFlares":true,"showImageEffects":true,"showParticleSystems":true,"showVisualEffectGraphs":true,"m_FxEnabled":true},"in2DMode":false,"pivot":{"x":-2.971771001815796,"y":0.062242984771728519,"z":1.2033114433288575},"rotation":{"x":-0.1254865825176239,"y":0.3034331500530243,"z":-0.04077906161546707,"w":-0.9438439011573792},"size":33.772769927978519,"orthographic":true}