{"cameraMode":{"drawMode":0,"name":"Shaded","section":"Shading Mode"},"sceneLighting":true,"audioPlay":false,"sceneViewState":{"m_AlwaysRefresh":false,"showFog":true,"showSkybox":true,"showFlares":true,"showImageEffects":true,"showParticleSystems":true,"showVisualEffectGraphs":true,"m_FxEnabled":true},"in2DMode":false,"pivot":{"x":-14.272866249084473,"y":11.410391807556153,"z":2.339686155319214},"rotation":{"x":-0.05429152399301529,"y":0.0005789017886854708,"z":-0.000519408262334764,"w":-0.9986828565597534},"size":24.02777862548828,"orthographic":true}