{"cameraMode":{"drawMode":0,"name":"Shaded","section":"Shading Mode"},"sceneLighting":true,"audioPlay":false,"sceneViewState":{"m_AlwaysRefresh":false,"showFog":true,"showSkybox":true,"showFlares":true,"showImageEffects":true,"showParticleSystems":true,"showVisualEffectGraphs":true,"m_FxEnabled":true},"in2DMode":false,"pivot":{"x":-3.802332639694214,"y":22.19637680053711,"z":0.21689675748348237},"rotation":{"x":0.052781812846660617,"y":0.02846941165626049,"z":-0.0010293753584846855,"w":0.9982954859733582},"size":19.383769989013673,"orthographic":true}