{"cameraMode":{"drawMode":0,"name":"Shaded","section":"Shading Mode"},"sceneLighting":true,"audioPlay":false,"sceneViewState":{"m_AlwaysRefresh":false,"showFog":true,"showSkybox":true,"showFlares":true,"showImageEffects":true,"showParticleSystems":true,"showVisualEffectGraphs":true,"m_FxEnabled":true},"in2DMode":false,"pivot":{"x":31.049999237060548,"y":4.804158687591553,"z":4.577000141143799},"rotation":{"x":0.010236650705337525,"y":-0.3226141631603241,"z":0.0034740406554192306,"w":0.9464895725250244},"size":2.85736346244812,"orthographic":true}