{"cameraMode":{"drawMode":0,"name":"Shaded","section":"Shading Mode"},"sceneLighting":true,"audioPlay":false,"sceneViewState":{"m_AlwaysRefresh":false,"showFog":true,"showSkybox":true,"showFlares":true,"showImageEffects":true,"showParticleSystems":true,"showVisualEffectGraphs":true,"m_FxEnabled":true},"in2DMode":false,"pivot":{"x":-10.481532096862793,"y":1.8552417755126954,"z":2.4517712593078615},"rotation":{"x":-0.15446317195892335,"y":-0.1832333505153656,"z":0.02901633270084858,"w":-0.9704873561859131},"size":10.289619445800782,"orthographic":true}