{"cameraMode":{"drawMode":0,"name":"Shaded","section":"Shading Mode"},"sceneLighting":true,"audioPlay":false,"sceneViewState":{"m_AlwaysRefresh":false,"showFog":true,"showSkybox":true,"showFlares":true,"showImageEffects":true,"showParticleSystems":true,"showVisualEffectGraphs":true,"m_FxEnabled":true},"in2DMode":false,"pivot":{"x":0.8050131797790527,"y":14.876448631286621,"z":-0.38051795959472659},"rotation":{"x":-0.1009385883808136,"y":0.2180788815021515,"z":-0.02353043481707573,"w":-0.9705916047096252},"size":19.01023292541504,"orthographic":true}