{"cameraMode":{"drawMode":0,"name":"Shaded","section":"Shading Mode"},"sceneLighting":true,"audioPlay":false,"sceneViewState":{"m_AlwaysRefresh":false,"showFog":true,"showSkybox":true,"showFlares":true,"showImageEffects":true,"showParticleSystems":true,"showVisualEffectGraphs":true,"m_FxEnabled":true},"in2DMode":false,"pivot":{"x":-2.821431875228882,"y":21.497486114501954,"z":1.5075359344482422},"rotation":{"x":-0.11174849420785904,"y":0.19302991032600404,"z":-0.02296566404402256,"w":-0.9747166633605957},"size":12.318622589111329,"orthographic":true}