{"cameraMode":{"drawMode":0,"name":"Shaded","section":"Shading Mode"},"sceneLighting":true,"audioPlay":false,"sceneViewState":{"m_AlwaysRefresh":false,"showFog":true,"showSkybox":true,"showFlares":true,"showImageEffects":true,"showParticleSystems":true,"showVisualEffectGraphs":true,"m_FxEnabled":true},"in2DMode":false,"pivot":{"x":-3.6645567417144777,"y":17.099750518798829,"z":2.0940184593200685},"rotation":{"x":-0.02430856041610241,"y":0.0050941165536642078,"z":-0.0005770554998889566,"w":-0.9998436570167542},"size":9.593996047973633,"orthographic":true}