{"cameraMode":{"drawMode":0,"name":"Shaded","section":"Shading Mode"},"sceneLighting":true,"audioPlay":false,"sceneViewState":{"m_AlwaysRefresh":false,"showFog":true,"showSkybox":true,"showFlares":true,"showImageEffects":true,"showParticleSystems":true,"showVisualEffectGraphs":true,"m_FxEnabled":true},"in2DMode":false,"pivot":{"x":2.8975887298583986,"y":17.178762435913087,"z":-0.4973602294921875},"rotation":{"x":-0.05420737713575363,"y":0.042488329112529758,"z":-0.0031603630632162096,"w":-0.9977962374687195},"size":20.734859466552736,"orthographic":true}