{"cameraMode":{"drawMode":0,"name":"Shaded","section":"Shading Mode"},"sceneLighting":true,"audioPlay":false,"sceneViewState":{"m_AlwaysRefresh":false,"showFog":true,"showSkybox":true,"showFlares":true,"showImageEffects":true,"showParticleSystems":true,"showVisualEffectGraphs":true,"m_FxEnabled":true},"in2DMode":false,"pivot":{"x":2.8975887298583986,"y":17.178762435913087,"z":-0.4973602294921875},"rotation":{"x":-0.14199744164943696,"y":0.4179927110671997,"z":-0.06741301715373993,"w":-0.8949514627456665},"size":25.635128021240236,"orthographic":true}