{"cameraMode":{"drawMode":0,"name":"Shaded","section":"Shading Mode"},"sceneLighting":true,"audioPlay":false,"sceneViewState":{"m_AlwaysRefresh":false,"showFog":true,"showSkybox":true,"showFlares":true,"showImageEffects":true,"showParticleSystems":true,"showVisualEffectGraphs":true,"m_FxEnabled":true},"in2DMode":false,"pivot":{"x":0.7846641540527344,"y":12.136341094970704,"z":-2.7546939849853517},"rotation":{"x":-0.1428603082895279,"y":0.7097181677818298,"z":-0.15228214859962464,"w":-0.6731016039848328},"size":21.191007614135743,"orthographic":true}