{"cameraMode":{"drawMode":0,"name":"Shaded","section":"Shading Mode"},"sceneLighting":true,"audioPlay":false,"sceneViewState":{"m_AlwaysRefresh":false,"showFog":true,"showSkybox":true,"showFlares":true,"showImageEffects":true,"showParticleSystems":true,"showVisualEffectGraphs":true,"m_FxEnabled":true},"in2DMode":false,"pivot":{"x":0.7846641540527344,"y":12.136341094970704,"z":-2.7546939849853517},"rotation":{"x":-0.14827077090740205,"y":0.009340697899460793,"z":-0.0025140598881989719,"w":-0.9890837669372559},"size":21.191007614135743,"orthographic":true}