{"cameraMode":{"drawMode":0,"name":"Shaded","section":"Shading Mode"},"sceneLighting":true,"audioPlay":false,"sceneViewState":{"m_AlwaysRefresh":false,"showFog":true,"showSkybox":true,"showFlares":true,"showImageEffects":true,"showParticleSystems":true,"showVisualEffectGraphs":true,"m_FxEnabled":true},"in2DMode":false,"pivot":{"x":2.8975887298583986,"y":17.178762435913087,"z":-0.4973602294921875},"rotation":{"x":-0.04120837152004242,"y":0.20299433171749116,"z":-0.009627225808799267,"w":-0.9784510731697083},"size":25.635128021240236,"orthographic":true}