{"cameraMode":{"drawMode":0,"name":"Shaded","section":"Shading Mode"},"sceneLighting":true,"audioPlay":false,"sceneViewState":{"m_AlwaysRefresh":false,"showFog":true,"showSkybox":true,"showFlares":true,"showImageEffects":true,"showParticleSystems":true,"showVisualEffectGraphs":true,"m_FxEnabled":true},"in2DMode":false,"pivot":{"x":16.61150360107422,"y":1.4890236854553223,"z":1.2784907817840577},"rotation":{"x":-0.20563171803951264,"y":0.12381771206855774,"z":-0.026286711916327478,"w":-0.9704552292823792},"size":1.778786063194275,"orthographic":true}