{"cameraMode":{"drawMode":0,"name":"Shaded","section":"Shading Mode"},"sceneLighting":true,"audioPlay":false,"sceneViewState":{"m_AlwaysRefresh":false,"showFog":true,"showSkybox":true,"showFlares":true,"showImageEffects":true,"showParticleSystems":true,"showVisualEffectGraphs":true,"m_FxEnabled":true},"in2DMode":false,"pivot":{"x":-6.707137584686279,"y":19.07603645324707,"z":1.3230116367340088},"rotation":{"x":-0.040803760290145877,"y":0.0020857141353189947,"z":-0.0005558041157200933,"w":-0.9993191361427307},"size":10.993232727050782,"orthographic":true}