{"cameraMode":{"drawMode":0,"name":"Shaded","section":"Shading Mode"},"sceneLighting":true,"audioPlay":false,"sceneViewState":{"m_AlwaysRefresh":false,"showFog":true,"showSkybox":true,"showFlares":true,"showImageEffects":true,"showParticleSystems":true,"showVisualEffectGraphs":true,"m_FxEnabled":true},"in2DMode":false,"pivot":{"x":-0.43527090549468996,"y":-5.529047012329102,"z":-0.010657846927642823},"rotation":{"x":0.03268242999911308,"y":0.02040724642574787,"z":0.0005310168489813805,"w":-0.9993174076080322},"size":1.0741283893585206,"orthographic":true}