{"cameraMode":{"drawMode":0,"name":"Shaded","section":"Shading Mode"},"sceneLighting":true,"audioPlay":false,"sceneViewState":{"m_AlwaysRefresh":false,"showFog":true,"showSkybox":true,"showFlares":true,"showImageEffects":true,"showParticleSystems":true,"showVisualEffectGraphs":true,"m_FxEnabled":true},"in2DMode":false,"pivot":{"x":-1.8808715343475342,"y":19.93743133544922,"z":1.243255615234375},"rotation":{"x":-0.04890900477766991,"y":0.28711652755737307,"z":-0.015486464835703373,"w":-0.9567024111747742},"size":12.318622589111329,"orthographic":true}