{"cameraMode":{"drawMode":0,"name":"Shaded","section":"Shading Mode"},"sceneLighting":true,"audioPlay":false,"sceneViewState":{"m_AlwaysRefresh":false,"showFog":true,"showSkybox":true,"showFlares":true,"showImageEffects":true,"showParticleSystems":true,"showVisualEffectGraphs":true,"m_FxEnabled":true},"in2DMode":false,"pivot":{"x":-13.006372451782227,"y":7.504398822784424,"z":1.5067219734191895},"rotation":{"x":-0.14086279273033143,"y":-0.0009561659535393119,"z":-0.0003745613794308156,"w":-0.9901880025863648},"size":24.02777862548828,"orthographic":true}