{"cameraMode":{"drawMode":0,"name":"Shaded","section":"Shading Mode"},"sceneLighting":true,"audioPlay":false,"sceneViewState":{"m_AlwaysRefresh":false,"showFog":true,"showSkybox":true,"showFlares":true,"showImageEffects":true,"showParticleSystems":true,"showVisualEffectGraphs":true,"m_FxEnabled":true},"in2DMode":false,"pivot":{"x":36.79867935180664,"y":31.941375732421876,"z":-14.158767700195313},"rotation":{"x":-0.18554569780826569,"y":0.32366782426834109,"z":-0.06635301560163498,"w":-0.9256230592727661},"size":65.24678802490235,"orthographic":true}