{"cameraMode":{"drawMode":0,"name":"Shaded","section":"Shading Mode"},"sceneLighting":true,"audioPlay":false,"sceneViewState":{"m_AlwaysRefresh":false,"showFog":true,"showSkybox":true,"showFlares":true,"showImageEffects":true,"showParticleSystems":true,"showVisualEffectGraphs":true,"m_FxEnabled":true},"in2DMode":false,"pivot":{"x":7.18775749206543,"y":4.3056230545043949,"z":12.370731353759766},"rotation":{"x":-0.11712276935577393,"y":0.36529019474983218,"z":-0.046386394649744037,"w":-0.9223313331604004},"size":33.49034118652344,"orthographic":true}