{"cameraMode":{"drawMode":0,"name":"Shaded","section":"Shading Mode"},"sceneLighting":false,"audioPlay":false,"sceneViewState":{"m_AlwaysRefresh":false,"showFog":true,"showSkybox":false,"showFlares":true,"showImageEffects":true,"showParticleSystems":true,"showVisualEffectGraphs":true,"m_FxEnabled":true},"in2DMode":false,"pivot":{"x":-0.33950039744377139,"y":0.40415865182876589,"z":0.018000125885009767},"rotation":{"x":0.00012247666018083692,"y":-0.9983784556388855,"z":0.057279784232378009,"w":0.0017893887124955655},"size":1.1703474521636963,"orthographic":true}