{"cameraMode":{"drawMode":0,"name":"Shaded","section":"Shading Mode"},"sceneLighting":false,"audioPlay":false,"sceneViewState":{"m_AlwaysRefresh":false,"showFog":true,"showSkybox":false,"showFlares":true,"showImageEffects":true,"showParticleSystems":true,"showVisualEffectGraphs":true,"m_FxEnabled":true},"in2DMode":false,"pivot":{"x":-0.33950039744377139,"y":0.40415865182876589,"z":0.018000125885009767},"rotation":{"x":0.015515051782131195,"y":-0.7333557605743408,"z":0.01671881228685379,"w":0.6794927716255188},"size":1.1703474521636963,"orthographic":true}