{"cameraMode":{"drawMode":0,"name":"Shaded","section":"Shading Mode"},"sceneLighting":false,"audioPlay":false,"sceneViewState":{"m_AlwaysRefresh":false,"showFog":true,"showSkybox":false,"showFlares":true,"showImageEffects":true,"showParticleSystems":true,"showVisualEffectGraphs":true,"m_FxEnabled":true},"in2DMode":false,"pivot":{"x":-0.39399999380111697,"y":-0.5690000057220459,"z":-0.09600000083446503},"rotation":{"x":-0.02514059841632843,"y":0.5900951027870178,"z":0.01845369301736355,"w":0.8067908883094788},"size":0.279419869184494,"orthographic":true}